{"initial_reset_timestamp": 1763715145.756399, "timestamps": [1763715151.2191625], "episode_lengths": [4335], "episode_rewards": [5.0], "episode_types": ["t"]}