{"initial_reset_timestamp": 1763715151.3242376, "timestamps": [1763715158.5047235], "episode_lengths": [5760], "episode_rewards": [-6.0], "episode_types": ["t"]}