{"initial_reset_timestamp": 1763715139.7421384, "timestamps": [1763715145.6513367], "episode_lengths": [4734], "episode_rewards": [-1.0], "episode_types": ["t"]}